{
  "size_values": [
    11,
    12,
    13,
    14,
    15,
    16,
    17,
    18,
    19,
    20,
    21,
    22,
    23,
    24,
    25,
    26,
    27,
    28
  ],
  "size_probabilities": [
    0.07692307692307693,
    0.07692307692307693,
    0.09230769230769231,
    0.023076923076923078,
    0.038461538461538464,
    0.1076923076923077,
    0.1,
    0.023076923076923078,
    0.08461538461538462,
    0.08461538461538462,
    0.046153846153846156,
    0.05384615384615385,
    0.08461538461538462,
    0.023076923076923078,
    0.046153846153846156,
    0.023076923076923078,
    0.007692307692307693,
    0.007692307692307693
  ],
  "density_by_size": {
    "11": 0.2,
    "12": 0.1893939393939394,
    "13": 0.1762820512820513,
    "14": 0.1575091575091575,
    "15": 0.1580952380952381,
    "16": 0.14345238095238091,
    "17": 0.13914027149321265,
    "18": 0.12636165577342048,
    "19": 0.12440191387559807,
    "20": 0.1172248803827751,
    "21": 0.10873015873015875,
    "22": 0.10760667903525047,
    "23": 0.10492274523895079,
    "24": 0.09057971014492754,
    "25": 0.09444444444444444,
    "26": 0.09230769230769231,
    "27": 0.09401709401709402,
    "28": 0.0873015873015873
  }
}