{
  "degree_bins": [
    0.0,
    0.55,
    1.1,
    1.6500000000000001,
    2.2,
    2.75,
    3.3000000000000003,
    3.8500000000000005,
    4.4,
    4.95,
    5.5,
    6.050000000000001,
    6.6000000000000005,
    7.15,
    7.700000000000001,
    8.25,
    8.8,
    9.350000000000001,
    9.9,
    10.450000000000001,
    11.0
  ],
  "clustering_bins": [
    0.0,
    0.05,
    0.1,
    0.15000000000000002,
    0.2,
    0.25,
    0.30000000000000004,
    0.35000000000000003,
    0.4,
    0.45,
    0.5,
    0.55,
    0.6000000000000001,
    0.65,
    0.7000000000000001,
    0.75,
    0.8,
    0.8500000000000001,
    0.9,
    0.9500000000000001,
    1.0
  ],
  "eigenvector_bins": [
    0.0,
    0.031664490309557466,
    0.06332898061911493,
    0.0949934709286724,
    0.12665796123822987,
    0.15832245154778735,
    0.1899869418573448,
    0.22165143216690225,
    0.25331592247645973,
    0.2849804127860172,
    0.3166449030955747,
    0.3483093934051321,
    0.3799738837146896,
    0.4116383740242471,
    0.4433028643338045,
    0.474967354643362,
    0.5066318449529195,
    0.5382963352624769,
    0.5699608255720344,
    0.6016253158815918,
    0.6332898061911493
  ]
}