{
  "num_samples": 1000,
  "size_values": [
    11,
    12,
    13,
    14,
    15,
    16,
    17,
    18,
    19,
    20,
    21,
    22,
    23,
    24,
    25,
    26,
    27,
    28
  ],
  "size_probabilities": [
    0.07692307692307693,
    0.07692307692307693,
    0.09230769230769231,
    0.023076923076923078,
    0.038461538461538464,
    0.1076923076923077,
    0.1,
    0.023076923076923078,
    0.08461538461538462,
    0.08461538461538462,
    0.046153846153846156,
    0.05384615384615385,
    0.08461538461538462,
    0.023076923076923078,
    0.046153846153846156,
    0.023076923076923078,
    0.007692307692307693,
    0.007692307692307693
  ]
}